{
  "total": 28,
  "per_page": 50,
  "current_page": 1,
  "last_page": 1,
  "data": [
    {
      "id": 38,
      "mobile": "13012345612",
      "type": 2,
      "city": "呼和浩特市",
      "price": 499
    },
    {
      "id": 37,
      "mobile": "17521015206",
      "type": 2,
      "city": "洛阳",
      "price": 499
    },
    {
      "id": 36,
      "mobile": "17521015205",
      "type": 2,
      "city": "安阳",
      "price": 499
    },
    {
      "id": 35,
      "mobile": "17521015204",
      "type": 2,
      "city": "洛阳",
      "price": 499
    },
    {
      "id": 34,
      "mobile": "18588888822",
      "type": 1,
      "city": "三门峡",
      "price": 499
    },
    {
      "id": 33,
      "mobile": "13958895999",
      "type": 1,
      "city": "洛阳",
      "price": 499
    },
    {
      "id": 32,
      "mobile": "13946158777",
      "type": 1,
      "city": "洛阳",
      "price": 499
    },
    {
      "id": 31,
      "mobile": "17588667788",
      "type": 1,
      "city": "郑州市",
      "price": 45
    },
    {
      "id": 30,
      "mobile": "13015510995",
      "type": 1,
      "city": "郑州市",
      "price": 789
    },
    {
      "id": 28,
      "mobile": "17521015207",
      "type": 2,
      "city": "洛阳市",
      "price": 499
    },
    {
      "id": 26,
      "mobile": "17521015205",
      "type": 2,
      "city": "安阳",
      "price": 499
    },
    {
      "id": 24,
      "mobile": "17521014203",
      "type": 1,
      "city": "三门峡",
      "price": 499
    },
    {
      "id": 23,
      "mobile": "17521014202",
      "type": 1,
      "city": "洛阳",
      "price": 499
    },
    {
      "id": 22,
      "mobile": "17521015201",
      "type": 1,
      "city": "洛阳",
      "price": 499
    },
    {
      "id": 21,
      "mobile": "17521015207",
      "type": 2,
      "city": "秦皇岛市",
      "price": 499
    },
    {
      "id": 20,
      "mobile": "17521015206",
      "type": 2,
      "city": "洛阳",
      "price": 499
    },
    {
      "id": 19,
      "mobile": "17521015205",
      "type": 2,
      "city": "安阳",
      "price": 499
    },
    {
      "id": 18,
      "mobile": "17521015204",
      "type": 2,
      "city": "洛阳",
      "price": 499
    },
    {
      "id": 17,
      "mobile": "17521015203",
      "type": 1,
      "city": "三门峡",
      "price": 499
    },
    {
      "id": 16,
      "mobile": "17521015202",
      "type": 1,
      "city": "洛阳",
      "price": 499
    },
    {
      "id": 15,
      "mobile": "17521015201",
      "type": 1,
      "city": "洛阳",
      "price": 499
    },
    {
      "id": 14,
      "mobile": "17521015207",
      "type": 2,
      "city": "洛阳",
      "price": 499
    },
    {
      "id": 13,
      "mobile": "17521015206",
      "type": 2,
      "city": "洛阳",
      "price": 499
    },
    {
      "id": 12,
      "mobile": "17521015205",
      "type": 2,
      "city": "安阳",
      "price": 499
    },
    {
      "id": 11,
      "mobile": "17521015204",
      "type": 2,
      "city": "洛阳",
      "price": 499
    },
    {
      "id": 10,
      "mobile": "17521015203",
      "type": 1,
      "city": "三门峡",
      "price": 499
    },
    {
      "id": 9,
      "mobile": "17521015202",
      "type": 1,
      "city": "洛阳",
      "price": 499
    },
    {
      "id": 8,
      "mobile": "17521015201",
      "type": 1,
      "city": "洛阳",
      "price": 499
    }
  ]
}